<metadata xml:lang="es"><Esri><CreaDate>20170504</CreaDate><CreaTime>16331600</CreaTime><ArcGISFormat>1.0</ArcGISFormat><SyncOnce>FALSE</SyncOnce><DataProperties><lineage><Process ToolSource="c:\program files (x86)\arcgis\desktop10.4\ArcToolbox\Toolboxes\Data Management Tools.tbx\CalculateField" Date="20170504" Time="163316">CalculateField DBO_2016 id_rh [id_rh_1] VB #</Process><Process ToolSource="c:\program files (x86)\arcgis\desktop10.4\ArcToolbox\Toolboxes\Data Management Tools.tbx\CalculateField" Date="20170504" Time="163330">CalculateField DBO_2016 nom_rh [nom_rh_1] VB #</Process><Process ToolSource="c:\program files (x86)\arcgis\desktop10.4\ArcToolbox\Toolboxes\Data Management Tools.tbx\CalculateField" Date="20170504" Time="172802">CalculateField GDB_SINA.DBO.EMCA_DBO5_2016 nom_edo "Ciudad de México" VB #</Process></lineage><itemProps><itemName Sync="TRUE">EMCA_DBO5_2016</itemName><imsContentType Sync="TRUE">002</imsContentType><itemLocation><linkage Sync="TRUE">file://\\CE0005W301\E$\Shapefiles_metadatos\EMCA_DBO5_2016.shp</linkage><protocol Sync="TRUE">Local Area Network</protocol></itemLocation><nativeExtBox><westBL Sync="TRUE">1072282.990100</westBL><eastBL Sync="TRUE">3952063.405600</eastBL><southBL Sync="TRUE">319488.475000</southBL><northBL Sync="TRUE">2349160.019500</northBL><exTypeCode Sync="TRUE">1</exTypeCode></nativeExtBox><itemSize Sync="TRUE">0.000</itemSize></itemProps><coordRef><type Sync="TRUE">Projected</type><geogcsn Sync="TRUE">D_ITRF_1992</geogcsn><csUnits Sync="TRUE">Linear Unit: Meter (1.000000)</csUnits><projcsn Sync="TRUE">CCL_ITRF_1992</projcsn><peXml Sync="TRUE">&lt;ProjectedCoordinateSystem xsi:type='typens:ProjectedCoordinateSystem' xmlns:xsi='http://www.w3.org/2001/XMLSchema-instance' xmlns:xs='http://www.w3.org/2001/XMLSchema' xmlns:typens='http://www.esri.com/schemas/ArcGIS/10.4'&gt;&lt;WKT&gt;PROJCS[&amp;quot;CCL_ITRF_1992&amp;quot;,GEOGCS[&amp;quot;D_ITRF_1992&amp;quot;,DATUM[&amp;quot;D_ITRF_1992&amp;quot;,SPHEROID[&amp;quot;GRS_1980&amp;quot;,6378137.0,298.257222101]],PRIMEM[&amp;quot;Greenwich&amp;quot;,0.0],UNIT[&amp;quot;Degree&amp;quot;,0.0174532925199433]],PROJECTION[&amp;quot;Lambert_Conformal_Conic&amp;quot;],PARAMETER[&amp;quot;False_Easting&amp;quot;,2500000.0],PARAMETER[&amp;quot;False_Northing&amp;quot;,0.0],PARAMETER[&amp;quot;Central_Meridian&amp;quot;,-102.0],PARAMETER[&amp;quot;Standard_Parallel_1&amp;quot;,17.5],PARAMETER[&amp;quot;Standard_Parallel_2&amp;quot;,29.5],PARAMETER[&amp;quot;Latitude_Of_Origin&amp;quot;,12.0],UNIT[&amp;quot;Meter&amp;quot;,1.0]]&lt;/WKT&gt;&lt;XOrigin&gt;-37031600&lt;/XOrigin&gt;&lt;YOrigin&gt;-25743800&lt;/YOrigin&gt;&lt;XYScale&gt;113924041.20679393&lt;/XYScale&gt;&lt;ZOrigin&gt;-100000&lt;/ZOrigin&gt;&lt;ZScale&gt;10000&lt;/ZScale&gt;&lt;MOrigin&gt;-100000&lt;/MOrigin&gt;&lt;MScale&gt;10000&lt;/MScale&gt;&lt;XYTolerance&gt;0.001&lt;/XYTolerance&gt;&lt;ZTolerance&gt;0.001&lt;/ZTolerance&gt;&lt;MTolerance&gt;0.001&lt;/MTolerance&gt;&lt;HighPrecision&gt;true&lt;/HighPrecision&gt;&lt;/ProjectedCoordinateSystem&gt;</peXml></coordRef></DataProperties><SyncDate>20170615</SyncDate><SyncTime>16390600</SyncTime><ModDate>20170615</ModDate><ModTime>16390600</ModTime></Esri><dataIdInfo><envirDesc Sync="TRUE">Microsoft Windows 7 Version 6.1 (Build 7601) Service Pack 1; Esri ArcGIS 10.4.1.5686</envirDesc><dataLang><languageCode value="spa" Sync="TRUE"/><countryCode value="MEX" Sync="TRUE"/></dataLang><idCitation><resTitle Sync="TRUE">EMCA_DBO5_2016</resTitle><presForm><PresFormCd value="005" Sync="TRUE"/></presForm></idCitation><spatRpType><SpatRepTypCd value="001" Sync="TRUE"/></spatRpType><dataExt><geoEle><GeoBndBox esriExtentType="search"><exTypeCode Sync="TRUE">1</exTypeCode><westBL Sync="TRUE">-117.117657</westBL><eastBL Sync="TRUE">-86.626501</eastBL><northBL Sync="TRUE">33.204568</northBL><southBL Sync="TRUE">14.251106</southBL></GeoBndBox></geoEle></dataExt></dataIdInfo><mdLang><languageCode value="spa" Sync="TRUE"/><countryCode value="MEX" Sync="TRUE"/></mdLang><distInfo><distFormat><formatName Sync="TRUE">Shapefile</formatName></distFormat><distTranOps><transSize Sync="TRUE">0.000</transSize></distTranOps></distInfo><mdHrLv><ScopeCd value="005" Sync="TRUE"/></mdHrLv><mdHrLvName Sync="TRUE">dataset</mdHrLvName><refSysInfo><RefSystem><refSysID><identCode code="0" Sync="TRUE"/></refSysID></RefSystem></refSysInfo><spatRepInfo><VectSpatRep><geometObjs Name="EMCA_DBO5_2016"><geoObjTyp><GeoObjTypCd value="004" Sync="TRUE"></GeoObjTypCd></geoObjTyp><geoObjCnt Sync="TRUE">0</geoObjCnt></geometObjs><topLvl><TopoLevCd value="001" Sync="TRUE"></TopoLevCd></topLvl></VectSpatRep></spatRepInfo><spdoinfo><ptvctinf><esriterm Name="EMCA_DBO5_2016"><efeatyp Sync="TRUE">Simple</efeatyp><efeageom code="1" Sync="TRUE"></efeageom><esritopo Sync="TRUE">FALSE</esritopo><efeacnt Sync="TRUE">0</efeacnt><spindex Sync="TRUE">FALSE</spindex><linrefer Sync="TRUE">FALSE</linrefer></esriterm></ptvctinf></spdoinfo><eainfo><detailed Name="EMCA_DBO5_2016"><enttyp><enttypl>EMCA_DBO5_2016</enttypl><enttypt Sync="TRUE">Feature Class</enttypt><enttypc Sync="TRUE">0</enttypc></enttyp><attr><attrlabl Sync="TRUE">FID</attrlabl><attalias Sync="TRUE">FID</attalias><attrtype Sync="TRUE">OID</attrtype><attwidth Sync="TRUE">4</attwidth><atprecis Sync="TRUE">0</atprecis><attscale Sync="TRUE">0</attscale><attrdef Sync="TRUE">Internal feature number.</attrdef><attrdefs Sync="TRUE">Esri</attrdefs><attrdomv><udom Sync="TRUE">Sequential unique whole numbers that are automatically generated.</udom></attrdomv></attr><attr><attrlabl Sync="TRUE">Shape</attrlabl><attalias Sync="TRUE">Shape</attalias><attrtype Sync="TRUE">Geometry</attrtype><attwidth Sync="TRUE">0</attwidth><atprecis Sync="TRUE">0</atprecis><attscale Sync="TRUE">0</attscale><attrdef Sync="TRUE">Feature geometry.</attrdef><attrdefs Sync="TRUE">Esri</attrdefs><attrdomv><udom Sync="TRUE">Coordinates defining the features.</udom></attrdomv></attr><attr><attrlabl Sync="TRUE">id_emca</attrlabl><attalias Sync="TRUE">id_emca</attalias><attrtype Sync="TRUE">String</attrtype><attwidth Sync="TRUE">15</attwidth><atprecis Sync="TRUE">0</atprecis><attscale Sync="TRUE">0</attscale><attrdef>Identificador de la estación de monitoreo</attrdef></attr><attr><attrlabl Sync="TRUE">nom_emca</attrlabl><attalias Sync="TRUE">nom_emca</attalias><attrtype Sync="TRUE">String</attrtype><attwidth Sync="TRUE">225</attwidth><atprecis Sync="TRUE">0</atprecis><attscale Sync="TRUE">0</attscale><attrdef>Nombre de la estación de monitoreo</attrdef></attr><attr><attrlabl Sync="TRUE">id_edo</attrlabl><attalias Sync="TRUE">id_edo</attalias><attrtype Sync="TRUE">Integer</attrtype><attwidth Sync="TRUE">10</attwidth><atprecis Sync="TRUE">10</atprecis><attscale Sync="TRUE">0</attscale><attrdef>Identificación del estado</attrdef></attr><attr><attrlabl Sync="TRUE">nom_edo</attrlabl><attalias Sync="TRUE">nom_edo</attalias><attrtype Sync="TRUE">String</attrtype><attwidth Sync="TRUE">50</attwidth><atprecis Sync="TRUE">0</atprecis><attscale Sync="TRUE">0</attscale><attrdef>Nombre del estado</attrdef></attr><attr><attrlabl Sync="TRUE">id_rh</attrlabl><attalias Sync="TRUE">id_rh</attalias><attrtype Sync="TRUE">Integer</attrtype><attwidth Sync="TRUE">10</attwidth><atprecis Sync="TRUE">10</atprecis><attscale Sync="TRUE">0</attscale><attrdef>Identificador de la Región hidrológica</attrdef></attr><attr><attrlabl Sync="TRUE">nom_rh</attrlabl><attalias Sync="TRUE">nom_rh</attalias><attrtype Sync="TRUE">String</attrtype><attwidth Sync="TRUE">100</attwidth><atprecis Sync="TRUE">0</atprecis><attscale Sync="TRUE">0</attscale><attrdef>Nombre de la Región hidrológica</attrdef></attr><attr><attrlabl Sync="TRUE">id_rha</attrlabl><attalias Sync="TRUE">id_rha</attalias><attrtype Sync="TRUE">Integer</attrtype><attwidth Sync="TRUE">10</attwidth><atprecis Sync="TRUE">10</atprecis><attscale Sync="TRUE">0</attscale><attrdef>Identificador de la Región hidrológico-administrativa</attrdef></attr><attr><attrlabl Sync="TRUE">nom_rha</attrlabl><attalias Sync="TRUE">nom_rha</attalias><attrtype Sync="TRUE">String</attrtype><attwidth Sync="TRUE">100</attwidth><atprecis Sync="TRUE">0</atprecis><attscale Sync="TRUE">0</attscale><attrdef>Nombre de la Región hidrológico-administrativa</attrdef></attr><attr><attrlabl Sync="TRUE">cuer_agu</attrlabl><attalias Sync="TRUE">cuer_agu</attalias><attrtype Sync="TRUE">String</attrtype><attwidth Sync="TRUE">100</attwidth><atprecis Sync="TRUE">0</atprecis><attscale Sync="TRUE">0</attscale><attrdef>Nombre del cuerpo de agua</attrdef></attr><attr><attrlabl Sync="TRUE">sistema</attrlabl><attalias Sync="TRUE">sistema</attalias><attrtype Sync="TRUE">String</attrtype><attwidth Sync="TRUE">50</attwidth><atprecis Sync="TRUE">0</atprecis><attscale Sync="TRUE">0</attscale><attrdef>Sistema</attrdef></attr><attr><attrlabl Sync="TRUE">dbo</attrlabl><attalias Sync="TRUE">dbo</attalias><attrtype Sync="TRUE">Double</attrtype><attwidth Sync="TRUE">19</attwidth><atprecis Sync="TRUE">0</atprecis><attscale Sync="TRUE">0</attscale><attrdef>Valor DBO5 (mg/l)</attrdef></attr><attr><attrlabl Sync="TRUE">dbo_clas</attrlabl><attalias Sync="TRUE">dbo_clas</attalias><attrtype Sync="TRUE">String</attrtype><attwidth Sync="TRUE">50</attwidth><atprecis Sync="TRUE">0</atprecis><attscale Sync="TRUE">0</attscale><attrdef>Clasificación DBO5</attrdef></attr><attr><attrlabl Sync="TRUE">año</attrlabl><attalias Sync="TRUE">año</attalias><attrtype Sync="TRUE">Integer</attrtype><attwidth Sync="TRUE">10</attwidth><atprecis Sync="TRUE">10</atprecis><attscale Sync="TRUE">0</attscale><attrdef>Año de la capa</attrdef></attr></detailed></eainfo><mdDateSt Sync="TRUE">20170615</mdDateSt><idinfo><ptcontac><cntinfo><cntorgp><cntorg>CONAGUA. Subdirección General Técnica.</cntorg></cntorgp><cntaddr><addrtype>physical address</addrtype><address>Av. San Bernabé No. 549. Col. San Jerónimo, Delegación Álvaro Obregón</address><city>Ciudad de México</city><postal>10200</postal><country>México</country></cntaddr><cntvoice>55 5377 0207</cntvoice></cntinfo></ptcontac><citation><citeinfo><title>EMCA_DBO5_2016</title><geoform>Mapa digital. Mapa representado en formato vector.</geoform><onlink>http://conagua.gob.mx</onlink></citeinfo></citation><descript><abstract>El DBO5 se utiliza para determinar la cantidad de materia orgánica presente en los cuerpos de agua, provenientes principalmente de las descargas de aguas residuales de origen municipal y no municipal. En 2016 se midio a través de 2,772 estaciones de monitoreo.</abstract><purpose>Mostrar la calidad del agua con el indicador Demanda Bioquímica de Oxígeno a cinco días (DBO5), el cual determina la cantidad de materia orgánica biodegradable presente en un cuerpo de agua.

En 2016, fueron monitoreadas 2,772 estaciones.</purpose><langdata>Español</langdata></descript><status><progress>Complete</progress><update>Annually</update></status><spdom><bounding><westbc>-118.366</westbc><eastbc>-86.710</eastbc><northbc>32.718</northbc><southbc>14.540</southbc></bounding></spdom><keywords><theme><themekey>Estaciones, monitoreo, calidad, aguas superficiales, indicador DBO5</themekey></theme></keywords><crossref><citeinfo><title>EMCA_DBO5_2016</title></citeinfo></crossref></idinfo><metainfo><metc><cntinfo><cntorgp><cntorg>CONAGUA. Subdirección General de Planeación. Gerencia de Coordinación Interinstitucional.</cntorg></cntorgp><cntaddr><addrtype>physical address</addrtype><address>Insurgentes Sur No. 2416. 4to. Piso. Col. Copilco el Bajo, Delegación Coyoacán.</address><city>Ciudad de México</city><postal>04340</postal><country>México</country></cntaddr><cntvoice>55 5174 4000 ext. 2111</cntvoice></cntinfo></metc><metd>14/06/2017</metd><langmeta>Español</langmeta><metstdn>FGDC Content Standards for Digital Geospatial Metadata, 1998</metstdn><metstdv>FGDC-STD-001-1998</metstdv></metainfo><spref><horizsys><cordsysn><projcsn>Cónica conforme de Lambert</projcsn></cordsysn><geodetic><horizdn>Sistema Geodésico de Referencia ITRF92 época 1988</horizdn><ellips>Sistema de Referencia Geodésico 80 (GRS80)</ellips><semiaxis>6378137.000000</semiaxis><denflat>298.257222</denflat></geodetic><planar><planci><coordrep><absres>0.000100</absres><ordres>0.000100</ordres></coordrep><plandu>meters</plandu></planci></planar></horizsys></spref><distinfo><distliab>Sin restricciones

La CONAGUA solo se hace responsable de la información presentada en la capa geográfica y no se hace responsable del uso que se le dé a la misma.</distliab><techpreq>La capa puede visualizarse en cualquier sistema de información geográfica.</techpreq></distinfo></metadata>
