<metadata xml:lang="es"><Esri><CreaDate>20150901</CreaDate><CreaTime>14215000</CreaTime><ArcGISFormat>1.0</ArcGISFormat><ArcGISstyle>FGDC CSDGM Metadata</ArcGISstyle><SyncOnce>FALSE</SyncOnce><DataProperties><lineage><Process ToolSource="C:\Program Files (x86)\ArcGIS\Desktop10.0\ArcToolbox\Toolboxes\Data Management Tools.tbx\CalculateField" Date="20150703" Time="165058">CalculateField EMCA_2014 id_rh [id_rh_1] VB #</Process><Process ToolSource="C:\Program Files (x86)\ArcGIS\Desktop10.0\ArcToolbox\Toolboxes\Data Management Tools.tbx\CalculateField" Date="20150703" Time="165921">CalculateField EMCA_2014 nom_emca strOutput VB "Dim iPosition\n Dim iSpace\n Dim strOutput\n Dim strInput\n Dim palabra \n  strInput = [nom_emca] \n iPosition = 1\n  Do While InStr(iPosition, strInput, " ", 1) &lt;&gt; 0\n      iSpace = InStr(iPosition, strInput, " ", 1)\n      palabra = Mid(strInput, iPosition, iSpace - iPosition) '2\n    If palabra = "DE" Or palabra = "Y" Or palabra = "A" Or palabra = "EN" Or palabra = "DEL" Or palabra = "O" Or palabra = "UN" Or palabra = "CON" or palabra="AL"  Then\n      strOutput = strOutput &amp; LCase(Mid(strInput, iPosition, (iSpace - iPosition) + 1))\n      iPosition = iSpace + 1\n    ElseIf Left(palabra, 1) = "(" Or Left(palabra, 1) = """" Then\n       strOutput = strOutput &amp; UCase(Mid(strInput, iPosition, 2))\n       strOutput = strOutput &amp; LCase(Mid(strInput, iPosition + 2, (iSpace - iPosition) - 1))\n      iPosition = iSpace + 1\n    \n    ElseIf palabra = "CFE" Or palabra = "CNA" Or palabra = "PEMEX" Or palabra = "PTAR" Or palabra = "A.P." Or palabra = "A.A" Or palabra = "S/D" Or palabra = "S/N" Or palabra = "ZA" Or palabra = "ZN" _\nOr palabra = "MS" or palabra = "C.F.E." or palabra = "V.B.A." Then\n        strOutput = strOutput &amp; UCase(Mid(strInput, iPosition, iSpace - iPosition + 1))\n        iPosition = iSpace + 1\n    Else\n      strOutput = strOutput &amp; UCase(Mid(strInput, iPosition, 1))\n      strOutput = strOutput &amp; LCase(Mid(strInput, iPosition + 1, iSpace - iPosition))\n      iPosition = iSpace + 1\n    End If\n  Loop\nDim longitud \nDim aux \npalabra = Mid(strInput, iPosition, iSpace + 1)\naux = Right(palabra, 1)\nlongitud = InStr(palabra, aux)\nIf aux = ")" Then\n    palabra = Mid(palabra, 1, longitud - 1)\nEnd If\nIf Left(palabra, 1) = "(" Or Left(palabra, 1) = """" Then\n       strOutput = strOutput &amp; UCase(Mid(strInput, iPosition, 2))\n       strOutput = strOutput &amp; LCase(Mid(strInput, iPosition + 2, iSpace + 1))    \n\nElseIf palabra = "CFE" Or palabra = "CNA" Or palabra = "PEMEX" Or palabra = "PTAR" Or palabra = "A.P." Or palabra = "A.A" Or palabra = "S/D" Or palabra = "S/N" Or palabra = "ZA" Or palabra = "ZN" _\nOr palabra = "MS" or palabra = "V.B.A." or palabra = "C.F.E." Then\n        strOutput = strOutput &amp; UCase(Mid(strInput, iPosition, iSpace - iPosition + 1))    \n Else\n        strOutput = strOutput &amp; UCase(Mid(strInput, iPosition, 1))\n        strOutput = strOutput &amp; LCase(Mid(strInput, iPosition + 1))       \nEnd If\n"</Process><Process ToolSource="c:\program files (x86)\arcgis\desktop10.0\ArcToolbox\Toolboxes\Conversion Tools.tbx\FeatureClassToFeatureClass" Date="20150703" Time="170305">FeatureClassToFeatureClass E:\EMCA_2014.shp "Conexiones de base de datos\GDB_SINA_Pruebas.sde\GDB_SINA.DBO.AMBIENTAL_ACUATICO" Estaciones_Monitoreo_Calidad_Agua_2014 # "id_emca "id_emca" true true false 15 Text 0 0 ,First,#,E:\EMCA_2014.shp,id_emca,-1,-1;id_edo "id_edo" true true false 9 Long 0 9 ,First,#,E:\EMCA_2014.shp,id_edo,-1,-1;cve_edo "cve_edo" true true false 2 Text 0 0 ,First,#,E:\EMCA_2014.shp,cve_edo,-1,-1;id_mpio "id_mpio" true true false 9 Long 0 9 ,First,#,E:\EMCA_2014.shp,id_mpio,-1,-1;cve_mpio "cve_mpio" true true false 5 Text 0 0 ,First,#,E:\EMCA_2014.shp,cve_mpio,-1,-1;id_rha "id_rha" true true false 9 Long 0 9 ,First,#,E:\EMCA_2014.shp,id_rha,-1,-1;id_rh "id_rh" true true false 9 Long 0 9 ,First,#,E:\EMCA_2014.shp,id_rh,-1,-1;nom_emca "nom_emca" true true false 225 Text 0 0 ,First,#,E:\EMCA_2014.shp,nom_emca,-1,-1;grupo "grupo" true true false 50 Text 0 0 ,First,#,E:\EMCA_2014.shp,grupo,-1,-1;long_gra "long_gra" true true false 9 Long 0 9 ,First,#,E:\EMCA_2014.shp,long_gra,-1,-1;long_min "long_min" true true false 9 Long 0 9 ,First,#,E:\EMCA_2014.shp,long_min,-1,-1;long_seg "long_seg" true true false 19 Double 0 0 ,First,#,E:\EMCA_2014.shp,long_seg,-1,-1;lat_gra "lat_gra" true true false 9 Long 0 9 ,First,#,E:\EMCA_2014.shp,lat_gra,-1,-1;lat_min "lat_min" true true false 9 Long 0 9 ,First,#,E:\EMCA_2014.shp,lat_min,-1,-1;lat_seg "lat_seg" true true false 19 Double 0 0 ,First,#,E:\EMCA_2014.shp,lat_seg,-1,-1;OBJECTID "OBJECTID" true true false 9 Long 0 9 ,First,#,E:\EMCA_2014.shp,OBJECTID,-1,-1;nom_rh "nom_rh" true true false 30 Text 0 0 ,First,#,E:\EMCA_2014.shp,nom_rh,-1,-1;area_km2 "area_km2" true true false 19 Double 8 18 ,First,#,E:\EMCA_2014.shp,area_km2,-1,-1" #</Process><Process ToolSource="c:\program files (x86)\arcgis\desktop10.0\ArcToolbox\Toolboxes\Data Management Tools.tbx\CopyFeatures" Date="20150723" Time="134754">CopyFeatures "Conexiones de base de datos\GDB_SINA_Pruebas.sde\GDB_SINA.DBO.AMBIENTAL_ACUATICO\GDB_SINA.DBO.Estaciones_monitoreo_calidad_agua_2014" "Conexiones de base de datos\GDB_SINA_Produccion.sde\GDB_SINA.DBO.AMBIENTAL_ACUATICO\GDB_SINA.DBO.Estaciones_monitoreo_calidad_agua_2014" # 0 0 0</Process><Process ToolSource="c:\program files (x86)\arcgis\desktop10.0\ArcToolbox\Toolboxes\Conversion Tools.tbx\FeatureClassToFeatureClass" Date="20150813" Time="160804">FeatureClassToFeatureClass emca2014 E:\GDB_SINA\GDB_SINA_ESTADISTICA.gdb\Ambiental_Acuatico Estaciones_Monitoreo_Calidad_Agua_2014 # "id_emca "id_emca" true true false 15 Text 0 0 ,First,#,E:\EstacionesMonitoreoCalidadAgua\emca2014.shp,id_emca,-1,-1;nom_emca "nom_emca" true true false 225 Text 0 0 ,First,#,E:\EstacionesMonitoreoCalidadAgua\emca2014.shp,nom_emca,-1,-1;id_edo "id_edo" true true false 9 Long 0 9 ,First,#,E:\EstacionesMonitoreoCalidadAgua\emca2014.shp,id_edo,-1,-1;nom_edo "nom_edo" true true false 50 Text 0 0 ,First,#,E:\EstacionesMonitoreoCalidadAgua\emca2014.shp,nom_edo,-1,-1;id_rh "id_rh" true true false 9 Long 0 9 ,First,#,E:\EstacionesMonitoreoCalidadAgua\emca2014.shp,id_rh,-1,-1;nom_rh "nom_rh" true true false 100 Text 0 0 ,First,#,E:\EstacionesMonitoreoCalidadAgua\emca2014.shp,nom_rh,-1,-1;id_rha "id_rha" true true false 9 Long 0 9 ,First,#,E:\EstacionesMonitoreoCalidadAgua\emca2014.shp,id_rha,-1,-1;nom_rha "nom_rha" true true false 100 Text 0 0 ,First,#,E:\EstacionesMonitoreoCalidadAgua\emca2014.shp,nom_rha,-1,-1;cuer_agu "cuer_agu" true true false 100 Text 0 0 ,First,#,E:\EstacionesMonitoreoCalidadAgua\emca2014.shp,cuer_agu,-1,-1;tipo_red "tipo_red" true true false 100 Text 0 0 ,First,#,E:\EstacionesMonitoreoCalidadAgua\emca2014.shp,tipo_red,-1,-1;dbo "dbo" true true false 19 Double 0 0 ,First,#,E:\EstacionesMonitoreoCalidadAgua\emca2014.shp,dbo,-1,-1;dbo_clas "dbo_clas" true true false 50 Text 0 0 ,First,#,E:\EstacionesMonitoreoCalidadAgua\emca2014.shp,dbo_clas,-1,-1;dqo "dqo" true true false 19 Double 0 0 ,First,#,E:\EstacionesMonitoreoCalidadAgua\emca2014.shp,dqo,-1,-1;dqo_clas "dqo_clas" true true false 50 Text 0 0 ,First,#,E:\EstacionesMonitoreoCalidadAgua\emca2014.shp,dqo_clas,-1,-1;sst "sst" true true false 19 Double 0 0 ,First,#,E:\EstacionesMonitoreoCalidadAgua\emca2014.shp,sst,-1,-1;sst_clas "sst_clas" true true false 50 Text 0 0 ,First,#,E:\EstacionesMonitoreoCalidadAgua\emca2014.shp,sst_clas,-1,-1;año "año" true true false 9 Long 0 9 ,First,#,E:\EstacionesMonitoreoCalidadAgua\emca2014.shp,año,-1,-1" #</Process><Process ToolSource="c:\program files (x86)\arcgis\desktop10.0\ArcToolbox\Toolboxes\Data Management Tools.tbx\CopyFeatures" Date="20150813" Time="164423">CopyFeatures E:\GDB_SINA\GDB_SINA_ESTADISTICA.gdb\Ambiental_Acuatico\Estaciones_Monitoreo_Calidad_Agua_2014 E:\Emca_shp\Estaciones_Monitoreo_Calidad_Agua_2014.shp # 0 0 0</Process><Process ToolSource="C:\Program Files (x86)\ArcGIS\Desktop10.0\ArcToolbox\Toolboxes\Data Management Tools.tbx\CalculateField" Date="20150814" Time="120441">CalculateField Estaciones_Monitoreo_Calidad_Agua_2014 año 2014 VB #</Process><Process ToolSource="C:\Program Files (x86)\ArcGIS\Desktop10.0\ArcToolbox\Toolboxes\Data Management Tools.tbx\CalculateField" Date="20150901" Time="171509">CalculateField Estaciones_Monitoreo_Calidad_Agua_DBO_2014 tipo_red "Sin información" VB #</Process><Process ToolSource="c:\program files (x86)\arcgis\desktop10.0\ArcToolbox\Toolboxes\Data Management Tools.tbx\CopyFeatures" Date="20160108" Time="113458">CopyFeatures E:\GDB_SINA\GDB_SINA_ESTADISTICA.gdb\Ambiental_Acuatico\EMCA_DBO_2014 E:\DBO\EMCA_DBO_2014.shp # 0 0 0</Process><Process ToolSource="c:\program files (x86)\arcgis\desktop10.3\ArcToolbox\Toolboxes\Data Management Tools.tbx\CopyFeatures" Date="20160114" Time="135234">CopyFeatures "E:\DISCO C\CAPAS_DESCARGABLES_SINAV2\Calidad del agua\DBO\EMCA_DBO_2014.shp" E:\GEOBASE_ESTADISTICA\GDB_SINA_ESTADISTICA.gdb\AMBIENTAL_ACUATICO\EMCA_DBO_2014 # 0 0 0</Process><Process ToolSource="c:\program files (x86)\arcgis\desktop10.3\ArcToolbox\Toolboxes\Data Management Tools.tbx\CopyFeatures" Date="20160309" Time="120723">CopyFeatures E:\GEOBASE_PRODUCCION\GDB_SINA_ESTADISTICA.gdb\AMBIENTAL_ACUATICO\EMCA_DBO_2014 "Database Connections\GDB_SINA_PRUEBAS.sde\GDB_SINA.DBO.AMBIENTAL_ACUATICO_EST\GDB_SINA.DBO.EMCA_DBO_2014" # 0 0 0</Process><Process ToolSource="c:\program files (x86)\arcgis\desktop10.3\ArcToolbox\Toolboxes\Data Management Tools.tbx\CopyFeatures" Date="20160421" Time="112619">CopyFeatures "Database Connections\GDB_SINA_PRUEBAS.sde\GDB_SINA.DBO.AMBIENTAL_ACUATICO_EST\GDB_SINA.DBO.EMCA_DBO5_2014" "Database Connections\GDB_SINA_PRODUCCION.sde\GDB_SINA.DBO.AMBIENTAL_ACUATICO_EST\GDB_SINA.DBO.EMCA_DBO5_2014" # 0 0 0</Process><Process ToolSource="c:\program files (x86)\arcgis\desktop10.3\ArcToolbox\Toolboxes\Data Management Tools.tbx\CopyFeatures" Date="20161018" Time="124247">CopyFeatures "Database Connections\GDB_SINA_PRODUCCION.sde\GDB_SINA.DBO.AMBIENTAL_ACUATICO_EST\GDB_SINA.DBO.EMCA_DBO5_2014" E:\AM_ACUAT\EMCA_DBO5_2014.shp # 0 0 0</Process></lineage><itemProps><itemName Sync="TRUE">EMCA_DBO5_2014</itemName><imsContentType Sync="TRUE">002</imsContentType><itemLocation><linkage Sync="TRUE">file://\\CE0005W301\E$\AM_ACUAT\EMCA_DBO5_2014.shp</linkage><protocol Sync="TRUE">Local Area Network</protocol></itemLocation><itemSize Sync="TRUE">0.000</itemSize><nativeExtBox><westBL Sync="TRUE">1072282.990112</westBL><eastBL Sync="TRUE">3990540.343506</eastBL><southBL Sync="TRUE">319488.475098</southBL><northBL Sync="TRUE">2349160.019470</northBL><exTypeCode Sync="TRUE">1</exTypeCode></nativeExtBox></itemProps><coordRef><type Sync="TRUE">Projected</type><geogcsn Sync="TRUE">D_ITRF_1992</geogcsn><csUnits Sync="TRUE">Linear Unit: Meter (1.000000)</csUnits><projcsn Sync="TRUE">CCL_ITRF_1992</projcsn><peXml Sync="TRUE">&lt;ProjectedCoordinateSystem xsi:type='typens:ProjectedCoordinateSystem' xmlns:xsi='http://www.w3.org/2001/XMLSchema-instance' xmlns:xs='http://www.w3.org/2001/XMLSchema' xmlns:typens='http://www.esri.com/schemas/ArcGIS/10.3'&gt;&lt;WKT&gt;PROJCS[&amp;quot;CCL_ITRF_1992&amp;quot;,GEOGCS[&amp;quot;D_ITRF_1992&amp;quot;,DATUM[&amp;quot;D_ITRF_1992&amp;quot;,SPHEROID[&amp;quot;GRS_1980&amp;quot;,6378137.0,298.257222101]],PRIMEM[&amp;quot;Greenwich&amp;quot;,0.0],UNIT[&amp;quot;Degree&amp;quot;,0.0174532925199433]],PROJECTION[&amp;quot;Lambert_Conformal_Conic&amp;quot;],PARAMETER[&amp;quot;False_Easting&amp;quot;,2500000.0],PARAMETER[&amp;quot;False_Northing&amp;quot;,0.0],PARAMETER[&amp;quot;Central_Meridian&amp;quot;,-102.0],PARAMETER[&amp;quot;Standard_Parallel_1&amp;quot;,17.5],PARAMETER[&amp;quot;Standard_Parallel_2&amp;quot;,29.5],PARAMETER[&amp;quot;Latitude_Of_Origin&amp;quot;,12.0],UNIT[&amp;quot;Meter&amp;quot;,1.0]]&lt;/WKT&gt;&lt;XOrigin&gt;-37031600&lt;/XOrigin&gt;&lt;YOrigin&gt;-25743800&lt;/YOrigin&gt;&lt;XYScale&gt;113924041.20679393&lt;/XYScale&gt;&lt;ZOrigin&gt;-100000&lt;/ZOrigin&gt;&lt;ZScale&gt;10000&lt;/ZScale&gt;&lt;MOrigin&gt;-100000&lt;/MOrigin&gt;&lt;MScale&gt;10000&lt;/MScale&gt;&lt;XYTolerance&gt;0.001&lt;/XYTolerance&gt;&lt;ZTolerance&gt;0.001&lt;/ZTolerance&gt;&lt;MTolerance&gt;0.001&lt;/MTolerance&gt;&lt;HighPrecision&gt;true&lt;/HighPrecision&gt;&lt;/ProjectedCoordinateSystem&gt;</peXml></coordRef></DataProperties><SyncDate>20161018</SyncDate><SyncTime>12424700</SyncTime><ModDate>20161018</ModDate><ModTime>12424700</ModTime></Esri><dataIdInfo><envirDesc Sync="TRUE">Microsoft Windows 7 Version 6.1 (Build 7601) Service Pack 1; Esri ArcGIS 10.3.1.4959</envirDesc><dataLang><languageCode value="spa" Sync="TRUE"/><countryCode value="MEX" Sync="TRUE"/></dataLang><idCitation><resTitle Sync="TRUE">EMCA_DBO5_2014</resTitle><presForm><PresFormCd value="005" Sync="TRUE"/></presForm></idCitation><spatRpType><SpatRepTypCd value="001" Sync="TRUE"/></spatRpType><dataExt><geoEle><GeoBndBox esriExtentType="search"><exTypeCode Sync="TRUE">1</exTypeCode><westBL Sync="TRUE">-117.117657</westBL><eastBL Sync="TRUE">-86.222369</eastBL><northBL Sync="TRUE">33.204568</northBL><southBL Sync="TRUE">14.218537</southBL></GeoBndBox></geoEle></dataExt></dataIdInfo><mdLang><languageCode value="spa" Sync="TRUE"/><countryCode value="MEX" Sync="TRUE"/></mdLang><distInfo><distFormat><formatName Sync="TRUE">Shapefile</formatName></distFormat><distTranOps><transSize Sync="TRUE">0.000</transSize></distTranOps></distInfo><mdHrLv><ScopeCd value="005" Sync="TRUE"/></mdHrLv><mdHrLvName Sync="TRUE">dataset</mdHrLvName><refSysInfo><RefSystem><refSysID><identCode code="0" Sync="TRUE" value="0"/></refSysID></RefSystem></refSysInfo><spatRepInfo><VectSpatRep><geometObjs Name="EMCA_DBO5_2014"><geoObjTyp><GeoObjTypCd value="004" Sync="TRUE"></GeoObjTypCd></geoObjTyp><geoObjCnt Sync="TRUE">0</geoObjCnt></geometObjs><topLvl><TopoLevCd value="001" Sync="TRUE"></TopoLevCd></topLvl></VectSpatRep></spatRepInfo><spdoinfo><ptvctinf><esriterm Name="EMCA_DBO5_2014"><efeatyp Sync="TRUE">Simple</efeatyp><efeageom code="1" Sync="TRUE"></efeageom><esritopo Sync="TRUE">FALSE</esritopo><efeacnt Sync="TRUE">0</efeacnt><spindex Sync="TRUE">FALSE</spindex><linrefer Sync="TRUE">FALSE</linrefer></esriterm></ptvctinf></spdoinfo><eainfo><detailed Name="EMCA_DBO5_2014"><enttyp><enttypl Sync="TRUE">EMCA_DBO5_2014</enttypl><enttypt Sync="TRUE">Feature Class</enttypt><enttypc Sync="TRUE">0</enttypc></enttyp><attr><attrlabl Sync="TRUE">FID</attrlabl><attalias Sync="TRUE">FID</attalias><attrtype Sync="TRUE">OID</attrtype><attwidth Sync="TRUE">4</attwidth><atprecis Sync="TRUE">0</atprecis><attscale Sync="TRUE">0</attscale><attrdef Sync="TRUE">Internal feature number.</attrdef><attrdefs Sync="TRUE">Esri</attrdefs><attrdomv><udom Sync="TRUE">Sequential unique whole numbers that are automatically generated.</udom></attrdomv></attr><attr><attrlabl Sync="TRUE">id_emca</attrlabl><attalias Sync="TRUE">id_emca</attalias><attrtype Sync="TRUE">String</attrtype><attwidth Sync="TRUE">15</attwidth><atprecis Sync="TRUE">0</atprecis><attscale Sync="TRUE">0</attscale><attrdef>Identificador de la estación</attrdef></attr><attr><attrlabl Sync="TRUE">id_edo</attrlabl><attalias Sync="TRUE">id_edo</attalias><attrtype Sync="TRUE">Integer</attrtype><attwidth Sync="TRUE">10</attwidth><atprecis Sync="TRUE">10</atprecis><attscale Sync="TRUE">0</attscale><attrdef>Identificación del estado</attrdef></attr><attr><attrlabl Sync="TRUE">id_rha</attrlabl><attalias Sync="TRUE">id_rha</attalias><attrtype Sync="TRUE">Integer</attrtype><attwidth Sync="TRUE">10</attwidth><atprecis Sync="TRUE">10</atprecis><attscale Sync="TRUE">0</attscale><attrdef>Identificador de la Región hidrológico-admiistrativa</attrdef></attr><attr><attrlabl Sync="TRUE">id_rh</attrlabl><attalias Sync="TRUE">id_rh</attalias><attrtype Sync="TRUE">Integer</attrtype><attwidth Sync="TRUE">10</attwidth><atprecis Sync="TRUE">10</atprecis><attscale Sync="TRUE">0</attscale><attrdef>Identificador de la Región hidrológica</attrdef></attr><attr><attrlabl Sync="TRUE">nom_emca</attrlabl><attalias Sync="TRUE">nom_emca</attalias><attrtype Sync="TRUE">String</attrtype><attwidth Sync="TRUE">225</attwidth><atprecis Sync="TRUE">0</atprecis><attscale Sync="TRUE">0</attscale><attrdef>Nombre de la estación</attrdef></attr><attr><attrlabl Sync="TRUE">nom_edo</attrlabl><attalias Sync="TRUE">nom_edo</attalias><attrtype Sync="TRUE">String</attrtype><attwidth Sync="TRUE">50</attwidth><atprecis Sync="TRUE">0</atprecis><attscale Sync="TRUE">0</attscale><attrdef>Nombre del estado</attrdef></attr><attr><attrlabl Sync="TRUE">nom_rh</attrlabl><attalias Sync="TRUE">nom_rh</attalias><attrtype Sync="TRUE">String</attrtype><attwidth Sync="TRUE">100</attwidth><atprecis Sync="TRUE">0</atprecis><attscale Sync="TRUE">0</attscale><attrdef>Nombre de la Región hidrológica</attrdef></attr><attr><attrlabl Sync="TRUE">Shape</attrlabl><attalias Sync="TRUE">Shape</attalias><attrtype Sync="TRUE">Geometry</attrtype><attwidth Sync="TRUE">0</attwidth><atprecis Sync="TRUE">0</atprecis><attscale Sync="TRUE">0</attscale><attrdef Sync="TRUE">Feature geometry.</attrdef><attrdefs Sync="TRUE">ESRI</attrdefs><attrdomv><udom Sync="TRUE">Coordinates defining the features.</udom></attrdomv></attr><attr><attrlabl Sync="TRUE">nom_rha</attrlabl><attalias Sync="TRUE">nom_rha</attalias><attrtype Sync="TRUE">String</attrtype><attwidth Sync="TRUE">100</attwidth><atprecis Sync="TRUE">0</atprecis><attscale Sync="TRUE">0</attscale><attrdef>Nombre de la Región hidrológico-administrativa</attrdef></attr><attr><attrlabl Sync="TRUE">cuer_agu</attrlabl><attalias Sync="TRUE">cuer_agu</attalias><attrtype Sync="TRUE">String</attrtype><attwidth Sync="TRUE">100</attwidth><atprecis Sync="TRUE">0</atprecis><attscale Sync="TRUE">0</attscale><attrdef>Nombre del cuerpo de agua</attrdef></attr><attr><attrlabl Sync="TRUE">tipo_red</attrlabl><attalias Sync="TRUE">tipo_red</attalias><attrtype Sync="TRUE">String</attrtype><attwidth Sync="TRUE">100</attwidth><atprecis Sync="TRUE">0</atprecis><attscale Sync="TRUE">0</attscale><attrdef>Tipo de red</attrdef></attr><attr><attrlabl Sync="TRUE">dbo</attrlabl><attalias Sync="TRUE">dbo</attalias><attrtype Sync="TRUE">Double</attrtype><attwidth Sync="TRUE">19</attwidth><atprecis Sync="TRUE">18</atprecis><attscale Sync="TRUE">8</attscale><attrdef>Valor DBO</attrdef></attr><attr><attrlabl Sync="TRUE">dbo_clas</attrlabl><attalias Sync="TRUE">dbo_clas</attalias><attrtype Sync="TRUE">String</attrtype><attwidth Sync="TRUE">50</attwidth><atprecis Sync="TRUE">0</atprecis><attscale Sync="TRUE">0</attscale><attrdef>Clasificación DBO5</attrdef></attr><attr><attrlabl Sync="TRUE">año</attrlabl><attalias Sync="TRUE">año</attalias><attrtype Sync="TRUE">Integer</attrtype><attwidth Sync="TRUE">10</attwidth><atprecis Sync="TRUE">10</atprecis><attscale Sync="TRUE">0</attscale><attrdef>Año</attrdef></attr></detailed></eainfo><mdDateSt Sync="TRUE">20161018</mdDateSt><idinfo><descript><abstract>El DBO5 se utiliza para determinar la cantidad de materia orgánica presente en los cuerpos de agua provenientes principalmente de las descargas de aguas residuales de origen municipal y no municipal.</abstract><purpose>Mostrar los sitios de monitoreo de calidad del agua con DBO5 en el año 2014</purpose><langdata>Español</langdata></descript><ptcontac><cntinfo><cntorgp><cntorg>CONAGUA. Subdirección General Técnica. </cntorg></cntorgp><cntvoice>55 5377 0207</cntvoice><cntaddr><addrtype>physical address</addrtype><address>Av. San Bernabé No. 549. Col. San Jerónimo, Delegación Álvaro Obregón</address><city>Ciudad de México</city><postal>10200</postal><country>México</country></cntaddr></cntinfo></ptcontac><citation><citeinfo><title>EMCA_DBO5_2014</title></citeinfo></citation><status><progress>Complete</progress><update>Annually</update></status><keywords><theme><themekey>Estaciones, monitoreo, calidad, aguas superficiales, indicador DBO5</themekey></theme></keywords><crossref><citeinfo><title>EMCA_DBO5_2014</title></citeinfo></crossref><spdom><bounding><westbc>-118.366</westbc><eastbc>-86.710</eastbc><northbc>32.718</northbc><southbc>14.540</southbc></bounding></spdom></idinfo><metainfo><metc><cntinfo><cntorgp><cntorg>CONAGUA. Subdirección General de Planeación. Gerencia de Coordinación Interinstitucional.</cntorg></cntorgp><cntvoice>55 5174 4000 ext. 2111</cntvoice><cntaddr><addrtype>physical address</addrtype><address>Insurgentes Sur No. 2416. 4to. Piso. Col. Copilco el Bajo, Delegación Coyoacán.</address><city>Ciudad de México</city><postal>04340</postal><country>México</country></cntaddr></cntinfo></metc><metd>15/03/2016</metd><langmeta>Español</langmeta><metstdn>FGDC Content Standards for Digital Geospatial Metadata, 1998</metstdn><metstdv>FGDC-STD-001-1998</metstdv></metainfo><spref><horizsys><cordsysn><projcsn>Cónica conforme de Lambert</projcsn></cordsysn><geodetic><horizdn>Sistema Geodésico de Referencia ITRF92 época 1988</horizdn><ellips>Sistema de Referencia Geodésico 80 (GRS80)</ellips><semiaxis>6378137.000000</semiaxis><denflat>298.257222</denflat></geodetic></horizsys></spref><distinfo><distliab>Sin restricciones

La CONAGUA solo se hace responsable de la información presentada en la capa geográfica y no se hace responsable del uso que se le dé a la misma.</distliab><techpreq>La capa puede visualizarse en cualquier sistema de información geográfica</techpreq></distinfo></metadata>
