<metadata xml:lang="es"><Esri><CreaDate>20190807</CreaDate><CreaTime>17461600</CreaTime><ArcGISFormat>1.0</ArcGISFormat><ArcGISstyle>FGDC CSDGM Metadata</ArcGISstyle><SyncOnce>FALSE</SyncOnce><DataProperties><itemProps><itemName Sync="TRUE">EMCA_DBO5_2018</itemName><imsContentType Sync="TRUE">002</imsContentType><itemLocation><linkage Sync="TRUE">file://\\CONAGUA-N544AVE\C$\Users\Conagua\Documents\SINA CONAGUA\Descargas Calidad\Calidad del Agua\EMCA_DBO5_2018.shp</linkage><protocol Sync="TRUE">Local Area Network</protocol></itemLocation><itemSize Sync="TRUE">0.000</itemSize></itemProps><coordRef><type Sync="TRUE">Projected</type><geogcsn Sync="TRUE">D_ITRF_1992</geogcsn><csUnits Sync="TRUE">Linear Unit: Meter (1.000000)</csUnits><projcsn Sync="TRUE">CCL_ITRF_1992</projcsn><peXml Sync="TRUE">&lt;ProjectedCoordinateSystem xsi:type='typens:ProjectedCoordinateSystem' xmlns:xsi='http://www.w3.org/2001/XMLSchema-instance' xmlns:xs='http://www.w3.org/2001/XMLSchema' xmlns:typens='http://www.esri.com/schemas/ArcGIS/10.6'&gt;&lt;WKT&gt;PROJCS[&amp;quot;CCL_ITRF_1992&amp;quot;,GEOGCS[&amp;quot;D_ITRF_1992&amp;quot;,DATUM[&amp;quot;D_ITRF_1992&amp;quot;,SPHEROID[&amp;quot;GRS_1980&amp;quot;,6378137.0,298.257222101]],PRIMEM[&amp;quot;Greenwich&amp;quot;,0.0],UNIT[&amp;quot;Degree&amp;quot;,0.0174532925199433]],PROJECTION[&amp;quot;Lambert_Conformal_Conic&amp;quot;],PARAMETER[&amp;quot;False_Easting&amp;quot;,2500000.0],PARAMETER[&amp;quot;False_Northing&amp;quot;,0.0],PARAMETER[&amp;quot;Central_Meridian&amp;quot;,-102.0],PARAMETER[&amp;quot;Standard_Parallel_1&amp;quot;,17.5],PARAMETER[&amp;quot;Standard_Parallel_2&amp;quot;,29.5],PARAMETER[&amp;quot;Latitude_Of_Origin&amp;quot;,12.0],UNIT[&amp;quot;Meter&amp;quot;,1.0]]&lt;/WKT&gt;&lt;XOrigin&gt;-37031600&lt;/XOrigin&gt;&lt;YOrigin&gt;-25743800&lt;/YOrigin&gt;&lt;XYScale&gt;113924041.20679393&lt;/XYScale&gt;&lt;ZOrigin&gt;-100000&lt;/ZOrigin&gt;&lt;ZScale&gt;10000&lt;/ZScale&gt;&lt;MOrigin&gt;-100000&lt;/MOrigin&gt;&lt;MScale&gt;10000&lt;/MScale&gt;&lt;XYTolerance&gt;0.001&lt;/XYTolerance&gt;&lt;ZTolerance&gt;0.001&lt;/ZTolerance&gt;&lt;MTolerance&gt;0.001&lt;/MTolerance&gt;&lt;HighPrecision&gt;true&lt;/HighPrecision&gt;&lt;/ProjectedCoordinateSystem&gt;</peXml></coordRef><lineage><Process ToolSource="c:\program files (x86)\arcgis\desktop10.6\ArcToolbox\Toolboxes\Conversion Tools.tbx\FeatureClassToFeatureClass" Date="20190807" Time="181237">FeatureClassToFeatureClass "C:\Users\Conagua\Documents\SINA CONAGUA\Carga Geografica 2018\Geobase de trabajo\Geodatabase_Trabajo.gdb\SubdireccionGeneralTecnica_Carga\EMCA_DBO5_2018" "Database Connections\GDB_SINA_CALIDAD.sde\GDB_SINA.DBO.AMBIENTAL_ACUATICO_EST" EMCA_DBO5_2018 # "id_emca "id_emca" true true false 15 Text 0 0 ,First,#,C:\Users\Conagua\Documents\SINA CONAGUA\Carga Geografica 2018\Geobase de trabajo\Geodatabase_Trabajo.gdb\SubdireccionGeneralTecnica_Carga\EMCA_DBO5_2018,id_emca,-1,-1;nom_emca "nom_emca" true true false 225 Text 0 0 ,First,#,C:\Users\Conagua\Documents\SINA CONAGUA\Carga Geografica 2018\Geobase de trabajo\Geodatabase_Trabajo.gdb\SubdireccionGeneralTecnica_Carga\EMCA_DBO5_2018,nom_emca,-1,-1;id_edo "id_edo" true true false 4 Long 0 0 ,First,#,C:\Users\Conagua\Documents\SINA CONAGUA\Carga Geografica 2018\Geobase de trabajo\Geodatabase_Trabajo.gdb\SubdireccionGeneralTecnica_Carga\EMCA_DBO5_2018,id_edo,-1,-1;nom_edo "nom_edo" true true false 50 Text 0 0 ,First,#,C:\Users\Conagua\Documents\SINA CONAGUA\Carga Geografica 2018\Geobase de trabajo\Geodatabase_Trabajo.gdb\SubdireccionGeneralTecnica_Carga\EMCA_DBO5_2018,nom_edo,-1,-1;id_rh "id_rh" true true false 4 Long 0 0 ,First,#,C:\Users\Conagua\Documents\SINA CONAGUA\Carga Geografica 2018\Geobase de trabajo\Geodatabase_Trabajo.gdb\SubdireccionGeneralTecnica_Carga\EMCA_DBO5_2018,id_rh,-1,-1;nom_rh "nom_rh" true true false 100 Text 0 0 ,First,#,C:\Users\Conagua\Documents\SINA CONAGUA\Carga Geografica 2018\Geobase de trabajo\Geodatabase_Trabajo.gdb\SubdireccionGeneralTecnica_Carga\EMCA_DBO5_2018,nom_rh,-1,-1;id_rha "id_rha" true true false 4 Long 0 0 ,First,#,C:\Users\Conagua\Documents\SINA CONAGUA\Carga Geografica 2018\Geobase de trabajo\Geodatabase_Trabajo.gdb\SubdireccionGeneralTecnica_Carga\EMCA_DBO5_2018,id_rha,-1,-1;nom_rha "nom_rha" true true false 100 Text 0 0 ,First,#,C:\Users\Conagua\Documents\SINA CONAGUA\Carga Geografica 2018\Geobase de trabajo\Geodatabase_Trabajo.gdb\SubdireccionGeneralTecnica_Carga\EMCA_DBO5_2018,nom_rha,-1,-1;cuer_agu "cuer_agu" true true false 100 Text 0 0 ,First,#,C:\Users\Conagua\Documents\SINA CONAGUA\Carga Geografica 2018\Geobase de trabajo\Geodatabase_Trabajo.gdb\SubdireccionGeneralTecnica_Carga\EMCA_DBO5_2018,cuer_agu,-1,-1;sistema "sistema" true true false 50 Text 0 0 ,First,#,C:\Users\Conagua\Documents\SINA CONAGUA\Carga Geografica 2018\Geobase de trabajo\Geodatabase_Trabajo.gdb\SubdireccionGeneralTecnica_Carga\EMCA_DBO5_2018,sistema,-1,-1;dbo "dbo" true true false 8 Double 0 0 ,First,#,C:\Users\Conagua\Documents\SINA CONAGUA\Carga Geografica 2018\Geobase de trabajo\Geodatabase_Trabajo.gdb\SubdireccionGeneralTecnica_Carga\EMCA_DBO5_2018,dbo,-1,-1;dbo_clas "dbo_clas" true true false 50 Text 0 0 ,First,#,C:\Users\Conagua\Documents\SINA CONAGUA\Carga Geografica 2018\Geobase de trabajo\Geodatabase_Trabajo.gdb\SubdireccionGeneralTecnica_Carga\EMCA_DBO5_2018,dbo_clas,-1,-1;año "año" true true false 4 Long 0 0 ,First,#,C:\Users\Conagua\Documents\SINA CONAGUA\Carga Geografica 2018\Geobase de trabajo\Geodatabase_Trabajo.gdb\SubdireccionGeneralTecnica_Carga\EMCA_DBO5_2018,año,-1,-1" #</Process><Process ToolSource="c:\program files (x86)\arcgis\desktop10.6\ArcToolbox\Toolboxes\Conversion Tools.tbx\FeatureClassToFeatureClass" Date="20190812" Time="111435">FeatureClassToFeatureClass "Database Connections\GDB_SINA_CALIDAD.sde\GDB_SINA.DBO.AMBIENTAL_ACUATICO_EST\GDB_SINA.DBO.EMCA_DBO5_2018" "C:\Users\Conagua\Documents\SINA CONAGUA\Descargas Calidad\Calidad del Agua" EMCA_DBO5_2018.shp # "id_emca "id_emca" true true false 15 Text 0 0 ,First,#,Database Connections\GDB_SINA_CALIDAD.sde\GDB_SINA.DBO.AMBIENTAL_ACUATICO_EST\GDB_SINA.DBO.EMCA_DBO5_2018,id_emca,-1,-1;nom_emca "nom_emca" true true false 225 Text 0 0 ,First,#,Database Connections\GDB_SINA_CALIDAD.sde\GDB_SINA.DBO.AMBIENTAL_ACUATICO_EST\GDB_SINA.DBO.EMCA_DBO5_2018,nom_emca,-1,-1;id_edo "id_edo" true true false 4 Long 0 10 ,First,#,Database Connections\GDB_SINA_CALIDAD.sde\GDB_SINA.DBO.AMBIENTAL_ACUATICO_EST\GDB_SINA.DBO.EMCA_DBO5_2018,id_edo,-1,-1;nom_edo "nom_edo" true true false 50 Text 0 0 ,First,#,Database Connections\GDB_SINA_CALIDAD.sde\GDB_SINA.DBO.AMBIENTAL_ACUATICO_EST\GDB_SINA.DBO.EMCA_DBO5_2018,nom_edo,-1,-1;id_rh "id_rh" true true false 4 Long 0 10 ,First,#,Database Connections\GDB_SINA_CALIDAD.sde\GDB_SINA.DBO.AMBIENTAL_ACUATICO_EST\GDB_SINA.DBO.EMCA_DBO5_2018,id_rh,-1,-1;nom_rh "nom_rh" true true false 100 Text 0 0 ,First,#,Database Connections\GDB_SINA_CALIDAD.sde\GDB_SINA.DBO.AMBIENTAL_ACUATICO_EST\GDB_SINA.DBO.EMCA_DBO5_2018,nom_rh,-1,-1;id_rha "id_rha" true true false 4 Long 0 10 ,First,#,Database Connections\GDB_SINA_CALIDAD.sde\GDB_SINA.DBO.AMBIENTAL_ACUATICO_EST\GDB_SINA.DBO.EMCA_DBO5_2018,id_rha,-1,-1;nom_rha "nom_rha" true true false 100 Text 0 0 ,First,#,Database Connections\GDB_SINA_CALIDAD.sde\GDB_SINA.DBO.AMBIENTAL_ACUATICO_EST\GDB_SINA.DBO.EMCA_DBO5_2018,nom_rha,-1,-1;cuer_agu "cuer_agu" true true false 100 Text 0 0 ,First,#,Database Connections\GDB_SINA_CALIDAD.sde\GDB_SINA.DBO.AMBIENTAL_ACUATICO_EST\GDB_SINA.DBO.EMCA_DBO5_2018,cuer_agu,-1,-1;sistema "sistema" true true false 50 Text 0 0 ,First,#,Database Connections\GDB_SINA_CALIDAD.sde\GDB_SINA.DBO.AMBIENTAL_ACUATICO_EST\GDB_SINA.DBO.EMCA_DBO5_2018,sistema,-1,-1;dbo "dbo" true true false 8 Double 8 38 ,First,#,Database Connections\GDB_SINA_CALIDAD.sde\GDB_SINA.DBO.AMBIENTAL_ACUATICO_EST\GDB_SINA.DBO.EMCA_DBO5_2018,dbo,-1,-1;dbo_clas "dbo_clas" true true false 50 Text 0 0 ,First,#,Database Connections\GDB_SINA_CALIDAD.sde\GDB_SINA.DBO.AMBIENTAL_ACUATICO_EST\GDB_SINA.DBO.EMCA_DBO5_2018,dbo_clas,-1,-1;año "año" true true false 4 Long 0 10 ,First,#,Database Connections\GDB_SINA_CALIDAD.sde\GDB_SINA.DBO.AMBIENTAL_ACUATICO_EST\GDB_SINA.DBO.EMCA_DBO5_2018,año,-1,-1" #</Process></lineage></DataProperties><SyncDate>20190812</SyncDate><SyncTime>11133400</SyncTime><ModDate>20190812</ModDate><ModTime>11133400</ModTime></Esri><dataIdInfo><envirDesc Sync="TRUE">Microsoft Windows 7 Version 6.1 (Build 7601) Service Pack 1; Esri ArcGIS 10.6.1.9270</envirDesc><dataLang><languageCode value="spa" Sync="TRUE"/><countryCode value="MEX" Sync="TRUE"/></dataLang><idCitation><resTitle Sync="TRUE">EMCA_DBO5_2018</resTitle><presForm><PresFormCd value="005" Sync="TRUE"/></presForm></idCitation><spatRpType><SpatRepTypCd value="001" Sync="TRUE"/></spatRpType></dataIdInfo><mdLang><languageCode value="spa" Sync="TRUE"/><countryCode value="MEX" Sync="TRUE"/></mdLang><distInfo><distFormat><formatName Sync="TRUE">Shapefile</formatName></distFormat><distTranOps><transSize Sync="TRUE">0.000</transSize></distTranOps></distInfo><mdHrLv><ScopeCd value="005" Sync="TRUE"/></mdHrLv><mdHrLvName Sync="TRUE">dataset</mdHrLvName><refSysInfo><RefSystem><refSysID><identCode code="0" Sync="TRUE"/></refSysID></RefSystem></refSysInfo><spatRepInfo><VectSpatRep><geometObjs Name="EMCA_DBO5_2018"><geoObjTyp><GeoObjTypCd value="004" Sync="TRUE"></GeoObjTypCd></geoObjTyp><geoObjCnt Sync="TRUE">0</geoObjCnt></geometObjs><topLvl><TopoLevCd value="001" Sync="TRUE"></TopoLevCd></topLvl></VectSpatRep></spatRepInfo><spdoinfo><ptvctinf><esriterm Name="EMCA_DBO5_2018"><efeatyp Sync="TRUE">Simple</efeatyp><efeageom code="1" Sync="TRUE"></efeageom><esritopo Sync="TRUE">FALSE</esritopo><efeacnt Sync="TRUE">0</efeacnt><spindex Sync="TRUE">FALSE</spindex><linrefer Sync="TRUE">FALSE</linrefer></esriterm></ptvctinf></spdoinfo><eainfo><detailed Name="EMCA_DBO5_2018"><enttyp><enttypl>EMCA_DBO5_2018</enttypl><enttypt Sync="TRUE">Feature Class</enttypt><enttypc Sync="TRUE">0</enttypc></enttyp><attr><attrlabl Sync="TRUE">FID</attrlabl><attalias Sync="TRUE">FID</attalias><attrtype Sync="TRUE">OID</attrtype><attwidth Sync="TRUE">4</attwidth><atprecis Sync="TRUE">0</atprecis><attscale Sync="TRUE">0</attscale><attrdef Sync="TRUE">Internal feature number.</attrdef><attrdefs Sync="TRUE">Esri</attrdefs><attrdomv><udom Sync="TRUE">Sequential unique whole numbers that are automatically generated.</udom></attrdomv></attr><attr><attrlabl Sync="TRUE">id_emca</attrlabl><attalias Sync="TRUE">id_emca</attalias><attrtype Sync="TRUE">String</attrtype><attwidth Sync="TRUE">15</attwidth><atprecis Sync="TRUE">0</atprecis><attscale Sync="TRUE">0</attscale><attrdef>Identificador de la estación de monitoreo</attrdef></attr><attr><attrlabl Sync="TRUE">nom_emca</attrlabl><attalias Sync="TRUE">nom_emca</attalias><attrtype Sync="TRUE">String</attrtype><attwidth Sync="TRUE">225</attwidth><atprecis Sync="TRUE">0</atprecis><attscale Sync="TRUE">0</attscale><attrdef>Nombre de la estación de monitoreo</attrdef></attr><attr><attrlabl Sync="TRUE">id_edo</attrlabl><attalias Sync="TRUE">id_edo</attalias><attrtype Sync="TRUE">Integer</attrtype><attwidth Sync="TRUE">10</attwidth><atprecis Sync="TRUE">10</atprecis><attscale Sync="TRUE">0</attscale><attrdef>Identificador de la entidad federativa</attrdef></attr><attr><attrlabl Sync="TRUE">nom_edo</attrlabl><attalias Sync="TRUE">nom_edo</attalias><attrtype Sync="TRUE">String</attrtype><attwidth Sync="TRUE">50</attwidth><atprecis Sync="TRUE">0</atprecis><attscale Sync="TRUE">0</attscale><attrdef>Nombre de la entidad federativa</attrdef></attr><attr><attrlabl Sync="TRUE">id_rh</attrlabl><attalias Sync="TRUE">id_rh</attalias><attrtype Sync="TRUE">Integer</attrtype><attwidth Sync="TRUE">10</attwidth><atprecis Sync="TRUE">10</atprecis><attscale Sync="TRUE">0</attscale><attrdef>Identificador de la Región hidrológica</attrdef></attr><attr><attrlabl Sync="TRUE">nom_rh</attrlabl><attalias Sync="TRUE">nom_rh</attalias><attrtype Sync="TRUE">String</attrtype><attwidth Sync="TRUE">100</attwidth><atprecis Sync="TRUE">0</atprecis><attscale Sync="TRUE">0</attscale><attrdef>Nombre de la Región hidrológica</attrdef></attr><attr><attrlabl Sync="TRUE">id_rha</attrlabl><attalias Sync="TRUE">id_rha</attalias><attrtype Sync="TRUE">Integer</attrtype><attwidth Sync="TRUE">10</attwidth><atprecis Sync="TRUE">10</atprecis><attscale Sync="TRUE">0</attscale><attrdef>Identificador de la Región hidrológico-administrativa</attrdef></attr><attr><attrlabl Sync="TRUE">nom_rha</attrlabl><attalias Sync="TRUE">nom_rha</attalias><attrtype Sync="TRUE">String</attrtype><attwidth Sync="TRUE">100</attwidth><atprecis Sync="TRUE">0</atprecis><attscale Sync="TRUE">0</attscale><attrdef>Nombre de la Región hidrológico-administrativa</attrdef></attr><attr><attrlabl Sync="TRUE">cuer_agu</attrlabl><attalias Sync="TRUE">cuer_agu</attalias><attrtype Sync="TRUE">String</attrtype><attwidth Sync="TRUE">100</attwidth><atprecis Sync="TRUE">0</atprecis><attscale Sync="TRUE">0</attscale><attrdef>Nombre del cuerpo de agua</attrdef></attr><attr><attrlabl Sync="TRUE">sistema</attrlabl><attalias Sync="TRUE">sistema</attalias><attrtype Sync="TRUE">String</attrtype><attwidth Sync="TRUE">50</attwidth><atprecis Sync="TRUE">0</atprecis><attscale Sync="TRUE">0</attscale><attrdef>Sistema</attrdef></attr><attr><attrlabl Sync="TRUE">dbo</attrlabl><attalias Sync="TRUE">dbo</attalias><attrtype Sync="TRUE">Double</attrtype><attwidth Sync="TRUE">19</attwidth><atprecis Sync="TRUE">18</atprecis><attscale Sync="TRUE">8</attscale><attrdef>Valor DBO5 (mg/l)</attrdef></attr><attr><attrlabl Sync="TRUE">dbo_clas</attrlabl><attalias Sync="TRUE">dbo_clas</attalias><attrtype Sync="TRUE">String</attrtype><attwidth Sync="TRUE">50</attwidth><atprecis Sync="TRUE">0</atprecis><attscale Sync="TRUE">0</attscale><attrdef>Clasificación DBO5 (Excelente, buena calidad, aceptable, contaminada y fuertemente contaminada)</attrdef></attr><attr><attrlabl Sync="TRUE">año</attrlabl><attalias Sync="TRUE">año</attalias><attrtype Sync="TRUE">Integer</attrtype><attwidth Sync="TRUE">10</attwidth><atprecis Sync="TRUE">10</atprecis><attscale Sync="TRUE">0</attscale><attrdef>Año de la capa</attrdef></attr><attr><attrlabl Sync="TRUE">Shape</attrlabl><attalias Sync="TRUE">Shape</attalias><attrtype Sync="TRUE">Geometry</attrtype><attwidth Sync="TRUE">0</attwidth><atprecis Sync="TRUE">0</atprecis><attscale Sync="TRUE">0</attscale><attrdef Sync="TRUE">Feature geometry.</attrdef><attrdefs>ESRI</attrdefs><attrdomv><udom Sync="TRUE">Coordinates defining the features.</udom></attrdomv></attr></detailed></eainfo><mdDateSt Sync="TRUE">20190812</mdDateSt><idinfo><ptcontac><cntinfo><cntorgp><cntorg>CONAGUA. Subdirección General Técnica.</cntorg></cntorgp><cntaddr><addrtype>physical address</addrtype><address>Av. San Bernabé No. 549. Col. San Jerónimo, Delegación Álvaro Obregón</address><city>Ciudad de México</city><state>Ciudad de México</state><postal>10200</postal><country>México</country></cntaddr><cntvoice>55 5377 0207</cntvoice></cntinfo></ptcontac><citation><citeinfo><title>EMCA_DBO5_2018</title></citeinfo></citation><descript><abstract>El DBO5 se utiliza para determinar la cantidad de materia orgánica presente en los cuerpos de agua, provenientes principalmente de las descargas de aguas residuales de origen municipal y no municipal.</abstract><purpose>Proporcionar a la sociedad un mapa de calidad del agua con el indicador Demanda Bioquímica de Oxígeno a cinco días (DBO5), el cual determina la cantidad de materia orgánica biodegradable presente en un cuerpo de agua


En el año 2018, se emplearon 2,829 estaciones de monitoreo distribuídas en todo el país.</purpose><langdata>Español</langdata></descript><status><progress>Complete</progress><update>Annually</update></status><spdom><bounding><westbc>-117.117657</westbc><eastbc>-86.626501</eastbc><northbc>33.204568</northbc><southbc>14.251106</southbc></bounding></spdom><keywords><theme><themekey>Estaciones, monitoreo, calidad, aguas superficiales, indicador DBO5</themekey></theme></keywords><crossref><citeinfo><title>EMCA_DBO5_2018</title></citeinfo></crossref></idinfo><metainfo><metd>2019-08-09</metd><metc><cntinfo><cntorgp><cntorg>CONAGUA. Subdirección General de Planeación. Gerencia de Coordinación Interinstitucional.</cntorg></cntorgp><cntaddr><addrtype>physical address</addrtype><address>Insurgentes Sur No. 2416. 4to. Piso. Col. Copilco el Bajo, Delegación Coyoacán.</address><city>Ciudad de México</city><state>Ciudad de México</state><postal>04340</postal><country>México</country></cntaddr><cntvoice>55 5174 4000 ext. 2111</cntvoice><cntemail>sina@conagua.gob.mx</cntemail></cntinfo></metc><langmeta>Español</langmeta><metstdn>FGDC Content Standards for Digital Geospatial Metadata, 1998</metstdn><metstdv>FGDC-STD-001-1998</metstdv></metainfo><spref><horizsys><planar><planci><coordrep><absres>0.000100</absres><ordres>0.000100</ordres></coordrep><plandu>meters</plandu></planci></planar><cordsysn><projcsn>Cónica conforme de Lambert</projcsn></cordsysn><geodetic><horizdn>Sistema Geodésico de Referencia ITRF92 época 1988</horizdn><ellips>Sistema de Referencia Geodésico 80 (GRS80)</ellips><semiaxis>6378137.000000</semiaxis><denflat>298.257222</denflat></geodetic></horizsys></spref><distinfo><distliab>Sin restricciones

La CONAGUA solo se hace responsable de la información presentada en la capa geográfica y no se hace responsable del uso que se le dé a la misma.</distliab><techpreq>La capa puede visualizarse en cualquier sistema de información geográfica.</techpreq></distinfo></metadata>
